customer_id,first_name,last_name,email,city,signup_date
665,Clara,Domínguez,,"Llano Verde",2023-11-18
776,Laura,Domínguez,laura.dominguez776@correo.example,"Parque Real",2024-01-03
7,Nuria,Ramos,nuria.ramos7@correo.example,"Parque Real",2023-01-29
475,Pablo,Torres,pablo.torres475@correo.example,"Valle Nuevo",2023-04-15
505,Raúl,García,raul.garcia505@correo.example,Monteverde,2023-12-26
956,Ana,Díaz,ana.diaz956@correo.example,Aguaclara,2023-03-04
830,Sofía,Moreno,sofia.moreno830@correo.example,"Parque Real",2023-06-12
189,Miguel,Vázquez,miguel.vazquez189@correo.example,Monteverde,2024-04-13
213,Raúl,Díaz,raul.diaz213@correo.example,Aguaclara,2024-09-09
900,Raúl,Navarro,raul.navarro900@correo.example,"Costa Azul",2023-02-15
852,Óscar,Gómez,oscar.gomez852@correo.example,"Costa Azul",2024-06-12
182,María,Martínez,maria.martinez182@correo.example,"El Cruce",2024-04-27
639,Raúl,Álvarez,raul.alvarez639@correo.example,Aguaclara,2023-04-02
881,Ana,Gil,ana.gil881@correo.example,"Las Dunas",2024-02-06
601,Clara,Sánchez,clara.sanchez601@correo.example,"Puerto Claro",2023-09-13
445,Andrés,Romero,andres.romero445@correo.example,"Villa Alta",2024-12-19
709,Irene,Muñoz,"  IRENE.MUNOZ709@CORREO.EXAMPLE ","Los Olivos",2024-11-01
126,Sara,Molina,sara.molina126@correo.example,"Sierra Roja",2023-03-25
643,Ana,García,ana.garcia643@correo.example,"El Cruce",2024-09-27
386,Diego,Molina,diego.molina386@correo.example,"Piedra Blanca",2024-03-12
231,Javier,Pérez,javier.perez231@correo.example,Aguaclara,2023-01-15
976,Andrés,Domínguez,andres.dominguez976@correo.example,"Los Olivos",2023-12-25
789,Pablo,Sánchez,pablo.sanchez789@correo.example,"San Telmo",2023-05-17
659,Carlos,Muñoz,carlos.munoz659@correo.example,"San Telmo",2023-02-20
150,Iván,Serrano,ivan.serrano150@correo.example,"Piedra Blanca",2024-06-01
331,Miguel,Sánchez,miguel.sanchez331@correo.example,"Campo Dorado",2024-08-31
244,Lucía,Muñoz,"  LUCIA.MUNOZ244@CORREO.EXAMPLE ","Costa Azul",2023-05-05
562,Irene,Navarro,irene.navarro562@correo.example,"Sierra Roja",2023-12-12
722,Diego,Díaz,diego.diaz722@correo.example,"Villa Alta",2024-11-18
880,Raúl,Serrano,raul.serrano880@correo.example,"Bahía Serena",2023-01-01
697,Pablo,Ruiz,pablo.ruiz697@correo.example,"El Cruce",2024-12-15
774,Hugo,Molina,hugo.molina774@correo.example,"Piedra Blanca",2024-10-17
315,Iván,Vázquez,ivan.vazquez315@correo.example,Mirador,2023-01-06
14,Carlos,García,carlos.garcia14@correo.example,"Campo Dorado",2023-12-30
960,Hugo,Díaz,hugo.diaz960@correo.example,"Valle Nuevo",2023-01-30
669,Javier,López,javier.lopez669@correo.example,Aguaclara,2023-10-06
163,Javier,Sánchez,javier.sanchez163@correo.example,"Villa Alta",2023-09-23
638,Nuria,Pérez,nuria.perez638@correo.example,"Valle Nuevo",2023-06-16
148,Miguel,García,,"Río Frío",2023-10-13
198,Miguel,López,miguel.lopez198@correo.example,Monteverde,2023-03-12
765,Diego,Gómez,diego.gomez765@correo.example,"Piedra Blanca",2024-11-03
449,Pablo,Ramos,pablo.ramos449@correo.example,"Valle Nuevo",2023-01-17
234,Laura,Ramos,laura.ramos234@correo.example,"Ciudad Central",2023-06-22
782,Iván,Domínguez,ivan.dominguez782@correo.example,"Parque Real",2024-04-03
957,Javier,Vázquez,,"Costa Azul",2024-05-17
608,Sara,Ruiz,sara.ruiz608@correo.example,"Los Olivos",2023-12-10
222,Óscar,García,oscar.garcia222@correo.example,Aguaclara,2024-08-28
453,Iván,Torres,ivan.torres453@correo.example,"Costa Azul",2024-08-24
343,Miguel,Pérez,miguel.perez343@correo.example,"Valle Nuevo",2024-07-11
235,Clara,Álvarez,clara.alvarez235@correo.example,"El Cruce",2024-01-10
415,Sara,Ramos,sara.ramos415@correo.example,"Las Dunas",2023-03-13
685,Luis,López,luis.lopez685@correo.example,"Ciudad Central",2023-12-09
394,Iván,Gil,ivan.gil394@correo.example,"Ciudad Central",2024-06-28
775,Clara,Molina,clara.molina775@correo.example,"Puerto Claro",2024-03-15
850,Nuria,Muñoz,nuria.munoz850@correo.example,"El Cruce",2024-01-13
77,Carlos,López,carlos.lopez77@correo.example,"San Telmo",2023-04-16
93,Diego,Domínguez,"  DIEGO.DOMINGUEZ93@CORREO.EXAMPLE ","Ciudad Central",2023-01-01
457,Carlos,Gómez,carlos.gomez457@correo.example,"Llano Verde",2024-07-30
469,Miguel,Muñoz,miguel.munoz469@correo.example,"Los Olivos",2023-05-30
59,Paula,Molina,paula.molina59@correo.example,"Las Dunas",2023-11-19
877,Paula,Ruiz,paula.ruiz877@correo.example,"Costa Azul",2024-01-30
637,Elena,López,elena.lopez637@correo.example,"San Telmo",2024-11-02
33,Jorge,Torres,jorge.torres33@correo.example,"Valle Nuevo",2024-07-20
972,Sofía,Molina,sofia.molina972@correo.example,Monteverde,2023-11-17
873,Laura,Ruiz,laura.ruiz873@correo.example,"Los Olivos",2024-05-16
826,Iván,Domínguez,ivan.dominguez826@correo.example,Aguaclara,2024-12-27
517,Sara,Ruiz,sara.ruiz517@correo.example,"Costa Azul",2024-04-04
473,Hugo,Pérez,hugo.perez473@correo.example,"Campo Dorado",2024-03-13
555,Ana,Ramos,ana.ramos555@correo.example,"Costa Azul",2023-06-27
929,Marta,Romero,marta.romero929@correo.example,"Plaza Mayor",2024-04-26
252,María,Romero,maria.romero252@correo.example,"Parque Real",2024-08-02
280,Diego,Díaz,diego.diaz280@correo.example,"Costa Azul",2024-02-28
667,Jorge,Gómez,jorge.gomez667@correo.example,Monteverde,2023-02-18
325,Óscar,Álvarez,oscar.alvarez325@correo.example,"Sierra Roja",2024-05-04
296,Óscar,López,oscar.lopez296@correo.example,Aguaclara,2024-12-23
772,Pablo,Moreno,pablo.moreno772@correo.example,"Los Olivos",2023-03-20
932,Sofía,Molina,sofia.molina932@correo.example,"Ciudad Central",2024-03-27
558,Hugo,Ramos,hugo.ramos558@correo.example,"Costa Azul",2024-03-29
24,Jorge,Sánchez,jorge.sanchez24@correo.example,"Ciudad Central",2023-08-11
244,Lucía,Muñoz,lucia.munoz244@correo.example,"Costa Azul",2023-05-05
116,Elena,Domínguez,elena.dominguez116@correo.example,"Sierra Roja",2024-01-15
161,Carlos,Romero,carlos.romero161@correo.example,"Los Olivos",2024-09-20
329,Ana,Navarro,ana.navarro329@correo.example,Aguaclara,2023-10-10
744,Clara,Díaz,clara.diaz744@correo.example,"Puerto Claro",2023-07-20
110,Lucía,Romero,lucia.romero110@correo.example,"Bahía Serena",2023-07-29
139,Miguel,Gil,miguel.gil139@correo.example,"Plaza Mayor",2024-12-30
393,Pablo,Ruiz,pablo.ruiz393@correo.example,"Llano Verde",2024-06-05
217,Pablo,Muñoz,pablo.munoz217@correo.example,"Bahía Serena",2024-05-01
122,María,Moreno,maria.moreno122@correo.example,"Campo Dorado",2023-07-16
83,Andrés,Muñoz,andres.munoz83@correo.example,"Ciudad Central",2023-08-05
749,Paula,Martínez,paula.martinez749@correo.example,"Piedra Blanca",2024-02-21
75,Irene,Torres,,"Costa Azul",2023-02-06
787,Óscar,Romero,oscar.romero787@correo.example,Aguaclara,2023-11-28
494,Andrés,Molina,andres.molina494@correo.example,"Villa Alta",2023-03-20
185,Sofía,Gil,sofia.gil185@correo.example,"Parque Real",2024-11-25
846,Sofía,Martínez,sofia.martinez846@correo.example,"Plaza Mayor",2023-11-19
509,Luis,Domínguez,luis.dominguez509@correo.example,"Puerto Claro",2023-04-20
572,Paula,Díaz,paula.diaz572@correo.example,"Ciudad Central",2024-02-25
654,Hugo,Romero,hugo.romero654@correo.example,Aguaclara,2023-07-23
752,Lucía,Moreno,lucia.moreno752@correo.example,Monteverde,2024-12-07
977,Iván,García,ivan.garcia977@correo.example,"Costa Azul",2023-01-28
512,Miguel,López,miguel.lopez512@correo.example,"Río Frío",2024-05-25
136,Javier,Muñoz,javier.munoz136@correo.example,"Valle Nuevo",2023-12-30
175,Carlos,Sánchez,carlos.sanchez175@correo.example,"Río Frío",2024-01-06
326,Óscar,Romero,oscar.romero326@correo.example,"Las Dunas",2024-01-14
600,Iván,Moreno,,"El Cruce",2023-10-02
443,Sara,Gil,sara.gil443@correo.example,"El Cruce",2023-01-18
632,Óscar,Gil,oscar.gil632@correo.example,"Campo Dorado",2024-06-28
760,Carlos,Muñoz,carlos.munoz760@correo.example,Mirador,2024-04-19
980,Miguel,Molina,,"Sierra Roja",2024-05-24
317,María,Álvarez,maria.alvarez317@correo.example,"Las Dunas",2024-03-25
299,María,Romero,maria.romero299@correo.example,"Río Frío",2023-02-05
592,Irene,Ramos,irene.ramos592@correo.example,Mirador,2024-06-30
803,Pablo,Moreno,pablo.moreno803@correo.example,"Llano Verde",2024-05-25
898,Luis,Serrano,luis.serrano898@correo.example,"Valle Nuevo",2023-04-08
463,Irene,Muñoz,,"Llano Verde",2023-04-22
788,Lucía,Molina,lucia.molina788@correo.example,"Bahía Serena",2023-12-07
87,Raúl,Ramos,raul.ramos87@correo.example,"Campo Dorado",2024-06-26
429,Sofía,Sánchez,sofia.sanchez429@correo.example,"Parque Real",2023-01-05
583,Sofía,López,sofia.lopez583@correo.example,"El Cruce",2023-03-31
755,Carlos,Romero,carlos.romero755@correo.example,"Costa Azul",2024-12-27
597,Jorge,Sánchez,jorge.sanchez597@correo.example,Aguaclara,2023-04-18
376,Irene,Muñoz,irene.munoz376@correo.example,"Llano Verde",2023-06-13
399,Andrés,Ramos,andres.ramos399@correo.example,"San Telmo",2024-04-12
910,Miguel,Gil,miguel.gil910@correo.example,"Río Frío",2023-02-20
170,Carlos,Serrano,carlos.serrano170@correo.example,"Costa Azul",2024-07-03
172,Óscar,Álvarez,oscar.alvarez172@correo.example,Mirador,2023-01-02
471,María,Ramos,maria.ramos471@correo.example,"Plaza Mayor",2024-12-14
259,Paula,Serrano,paula.serrano259@correo.example,Mirador,2023-09-18
834,Sara,Gómez,sara.gomez834@correo.example,"Sierra Roja",2024-10-04
559,Luis,Torres,luis.torres559@correo.example,"Piedra Blanca",2024-02-21
945,Jorge,Gómez,jorge.gomez945@correo.example,Aguaclara,2024-08-17
105,Ana,Sánchez,ana.sanchez105@correo.example,"Parque Real",2023-09-25
889,Hugo,López,hugo.lopez889@correo.example,"Sierra Roja",2024-01-23
563,Nuria,Álvarez,nuria.alvarez563@correo.example,"San Telmo",2024-02-26
631,Óscar,Gómez,oscar.gomez631@correo.example,"Valle Nuevo",2024-01-17
998,Sofía,Vázquez,sofia.vazquez998@correo.example,"Puerto Claro",2024-07-10
863,Lucía,López,lucia.lopez863@correo.example,Aguaclara,2024-07-31
111,Andrés,Vázquez,andres.vazquez111@correo.example,"Plaza Mayor",2023-03-25
702,Elena,Navarro,elena.navarro702@correo.example,"Sierra Roja",2024-04-10
412,Diego,López,diego.lopez412@correo.example,"Los Olivos",2023-12-26
425,Sara,Navarro,sara.navarro425@correo.example,"Parque Real",2024-10-30
605,Jorge,Vázquez,jorge.vazquez605@correo.example,"Los Olivos",2023-01-30
470,Marta,Vázquez,marta.vazquez470@correo.example,"Plaza Mayor",2024-01-06
316,Marta,Molina,marta.molina316@correo.example,Mirador,2024-01-24
422,Elena,Vázquez,elena.vazquez422@correo.example,"Villa Alta",2023-09-24
602,Sara,Ruiz,,"Valle Nuevo",2024-02-18
909,Clara,Martínez,clara.martinez909@correo.example,"Costa Azul",2024-12-24
383,Irene,Molina,irene.molina383@correo.example,"Llano Verde",2023-02-27
751,Raúl,Torres,raul.torres751@correo.example,"Campo Dorado",2024-10-22
151,Carlos,Muñoz,"  CARLOS.MUNOZ151@CORREO.EXAMPLE ",Monteverde,2023-10-11
300,Pablo,López,pablo.lopez300@correo.example,Mirador,2024-09-30
499,Clara,Muñoz,clara.munoz499@correo.example,"Bahía Serena",2024-07-02
20,Lucía,Serrano,lucia.serrano20@correo.example,"Villa Alta",2023-12-23
930,Carlos,Díaz,carlos.diaz930@correo.example,"Costa Azul",2023-07-21
92,Irene,Gil,irene.gil92@correo.example,"Llano Verde",2024-11-24
678,Laura,Muñoz,laura.munoz678@correo.example,"Llano Verde",2023-09-19
519,Laura,Pérez,laura.perez519@correo.example,"Piedra Blanca",2024-09-28
567,Lucía,Molina,lucia.molina567@correo.example,"Río Frío",2023-03-20
912,Laura,Navarro,laura.navarro912@correo.example,"Río Frío",2023-11-13
219,Andrés,Ramos,andres.ramos219@correo.example,"Río Frío",2023-01-28
566,Óscar,Álvarez,oscar.alvarez566@correo.example,Aguaclara,2023-02-25
180,Pablo,Muñoz,pablo.munoz180@correo.example,"Bahía Serena",2024-05-21
411,Nuria,Gil,nuria.gil411@correo.example,"Villa Alta",2023-10-31
205,Paula,Serrano,paula.serrano205@correo.example,"Parque Real",2023-08-12
187,Elena,Serrano,elena.serrano187@correo.example,"Valle Nuevo",2024-01-26
305,Elena,Ruiz,elena.ruiz305@correo.example,"Llano Verde",2023-01-05
301,Sara,Torres,sara.torres301@correo.example,Mirador,2023-09-30
289,Irene,Ramos,"  IRENE.RAMOS289@CORREO.EXAMPLE ","Valle Nuevo",2024-08-21
564,Marta,López,marta.lopez564@correo.example,"Puerto Claro",2023-09-18
988,Irene,Serrano,irene.serrano988@correo.example,"Río Frío",2024-01-01
21,Miguel,Vázquez,"  MIGUEL.VAZQUEZ21@CORREO.EXAMPLE ","Parque Real",2024-07-27
974,Carlos,Molina,carlos.molina974@correo.example,"Valle Nuevo",2023-11-19
176,Javier,Romero,javier.romero176@correo.example,"Bahía Serena",2024-11-12
449,Pablo,Ramos,"  PABLO.RAMOS449@CORREO.EXAMPLE ","Valle Nuevo",2023-01-17
510,Marta,Molina,"  MARTA.MOLINA510@CORREO.EXAMPLE ","Plaza Mayor",2024-07-19
821,Paula,Díaz,paula.diaz821@correo.example,"Los Olivos",2023-06-15
648,Carlos,Pérez,carlos.perez648@correo.example,Mirador,2023-12-23
211,Nuria,Serrano,nuria.serrano211@correo.example,Monteverde,2023-01-13
241,Clara,Vázquez,clara.vazquez241@correo.example,"Campo Dorado",2023-10-03
591,Sofía,Navarro,sofia.navarro591@correo.example,"Sierra Roja",2024-09-13
76,Laura,Ramos,laura.ramos76@correo.example,Mirador,2023-11-06
520,Elena,Romero,elena.romero520@correo.example,"Puerto Claro",2023-02-16
70,Laura,Serrano,laura.serrano70@correo.example,"Sierra Roja",2023-06-01
128,Sara,Ruiz,sara.ruiz128@correo.example,"Puerto Claro",2024-07-06
210,Pablo,López,pablo.lopez210@correo.example,Mirador,2024-01-14
903,Luis,Moreno,luis.moreno903@correo.example,Monteverde,2024-04-17
251,Pablo,Romero,pablo.romero251@correo.example,"Las Dunas",2023-02-08
759,Javier,López,javier.lopez759@correo.example,"Valle Nuevo",2024-08-31
54,Clara,Domínguez,clara.dominguez54@correo.example,"Plaza Mayor",2024-09-10
418,Andrés,Díaz,andres.diaz418@correo.example,"Parque Real",2024-07-01
28,Laura,Molina,laura.molina28@correo.example,"Llano Verde",2024-09-03
31,Sofía,Ramos,sofia.ramos31@correo.example,"Campo Dorado",2024-04-14
674,Marta,Domínguez,marta.dominguez674@correo.example,"Bahía Serena",2024-02-02
417,Elena,Ruiz,elena.ruiz417@correo.example,"El Cruce",2024-10-28
438,Luis,Moreno,luis.moreno438@correo.example,"Las Dunas",2024-06-05
277,Miguel,Domínguez,miguel.dominguez277@correo.example,"Piedra Blanca",2024-06-29
485,Ana,Molina,,"Campo Dorado",2023-03-02
849,Lucía,Muñoz,lucia.munoz849@correo.example,"Costa Azul",2023-12-08
117,Iván,Gil,ivan.gil117@correo.example,"Sierra Roja",2024-03-20
58,Pablo,Muñoz,pablo.munoz58@correo.example,"Los Olivos",2024-01-17
330,Miguel,Gil,miguel.gil330@correo.example,Mirador,2024-12-03
303,Ana,Gil,ana.gil303@correo.example,Aguaclara,2023-12-06
186,Iván,Moreno,ivan.moreno186@correo.example,"Sierra Roja",2024-03-11
906,Óscar,Torres,oscar.torres906@correo.example,"Llano Verde",2024-12-28
823,Hugo,Pérez,hugo.perez823@correo.example,"El Cruce",2024-07-07
272,Marta,Serrano,marta.serrano272@correo.example,"Bahía Serena",2023-03-08
981,Sara,Martínez,sara.martinez981@correo.example,"Sierra Roja",2024-05-25
202,Elena,Torres,elena.torres202@correo.example,"Puerto Claro",2023-01-15
721,María,Martínez,maria.martinez721@correo.example,"Costa Azul",2023-10-28
215,Nuria,Martínez,nuria.martinez215@correo.example,"Villa Alta",2024-04-18
96,Óscar,Navarro,oscar.navarro96@correo.example,Monteverde,2023-01-09
732,Nuria,Gómez,nuria.gomez732@correo.example,"Bahía Serena",2023-12-02
447,Laura,Sánchez,,"Las Dunas",2023-02-14
190,Andrés,Navarro,andres.navarro190@correo.example,"Costa Azul",2024-04-27
320,Pablo,Muñoz,pablo.munoz320@correo.example,Monteverde,2024-11-13
53,Ana,Torres,ana.torres53@correo.example,"Campo Dorado",2024-10-20
829,Jorge,Álvarez,"  JORGE.ALVAREZ829@CORREO.EXAMPLE ",Monteverde,2023-03-21
547,Luis,Ruiz,luis.ruiz547@correo.example,"Campo Dorado",2024-04-02
118,Hugo,Moreno,hugo.moreno118@correo.example,"Ciudad Central",2024-02-05
43,Lucía,Molina,lucia.molina43@correo.example,"Las Dunas",2023-10-23
88,María,Ruiz,maria.ruiz88@correo.example,"Piedra Blanca",2024-04-23
477,Sara,Gil,sara.gil477@correo.example,"El Cruce",2023-02-08
414,Sofía,Martínez,sofia.martinez414@correo.example,"Las Dunas",2023-05-23
264,Diego,Muñoz,diego.munoz264@correo.example,"Piedra Blanca",2023-05-14
944,Andrés,Ramos,andres.ramos944@correo.example,"Las Dunas",2024-02-03
254,Javier,Domínguez,javier.dominguez254@correo.example,Aguaclara,2024-04-24
530,Raúl,Muñoz,raul.munoz530@correo.example,Mirador,2024-06-06
810,Irene,Díaz,irene.diaz810@correo.example,"Sierra Roja",2024-11-26
5,Nuria,Vázquez,nuria.vazquez5@correo.example,"El Cruce",2024-02-28
931,Sara,Gil,sara.gil931@correo.example,"Campo Dorado",2024-09-29
940,Diego,Domínguez,diego.dominguez940@correo.example,Aguaclara,2023-05-09
844,Paula,García,paula.garcia844@correo.example,Mirador,2023-08-26
979,Óscar,Sánchez,oscar.sanchez979@correo.example,Mirador,2023-08-01
740,Ana,Sánchez,ana.sanchez740@correo.example,"Río Frío",2023-01-15
267,Irene,Álvarez,irene.alvarez267@correo.example,"Plaza Mayor",2023-09-11
577,Javier,Díaz,javier.diaz577@correo.example,"Los Olivos",2024-08-11
346,Ana,Gil,ana.gil346@correo.example,"Plaza Mayor",2023-06-17
248,Paula,Pérez,paula.perez248@correo.example,Monteverde,2023-08-25
885,María,García,maria.garcia885@correo.example,"Los Olivos",2023-01-15
687,Raúl,Navarro,raul.navarro687@correo.example,"Plaza Mayor",2023-05-28
626,Pablo,Domínguez,pablo.dominguez626@correo.example,"Parque Real",2024-04-15
437,Marta,Torres,,Aguaclara,2024-07-08
918,Javier,Navarro,javier.navarro918@correo.example,"Ciudad Central",2023-03-02
120,Raúl,Gil,raul.gil120@correo.example,Monteverde,2023-04-04
500,Paula,Romero,paula.romero500@correo.example,"Puerto Claro",2024-04-23
8,Lucía,Díaz,lucia.diaz8@correo.example,"Costa Azul",2023-05-24
451,Clara,Molina,,"Valle Nuevo",2023-05-28
864,Diego,Díaz,diego.diaz864@correo.example,"Sierra Roja",2023-04-14
670,Paula,Muñoz,paula.munoz670@correo.example,"Plaza Mayor",2024-01-18
706,Jorge,Domínguez,jorge.dominguez706@correo.example,"Los Olivos",2024-04-28
461,Paula,Domínguez,"  PAULA.DOMINGUEZ461@CORREO.EXAMPLE ","Llano Verde",2024-05-01
708,Miguel,Moreno,miguel.moreno708@correo.example,Mirador,2023-04-17
887,Raúl,Pérez,raul.perez887@correo.example,"Bahía Serena",2024-11-06
318,Óscar,Serrano,"  OSCAR.SERRANO318@CORREO.EXAMPLE ",Monteverde,2024-03-03
539,Laura,Díaz,laura.diaz539@correo.example,"Plaza Mayor",2023-09-25
40,Elena,Álvarez,elena.alvarez40@correo.example,"Villa Alta",2024-06-25
574,Nuria,Sánchez,nuria.sanchez574@correo.example,"Sierra Roja",2023-11-17
579,Raúl,Álvarez,raul.alvarez579@correo.example,"San Telmo",2024-09-13
985,Javier,Muñoz,javier.munoz985@correo.example,"Plaza Mayor",2023-08-27
367,Miguel,Díaz,miguel.diaz367@correo.example,"Los Olivos",2023-06-02
999,Pablo,Sánchez,pablo.sanchez999@correo.example,Mirador,2024-04-04
790,Óscar,Sánchez,oscar.sanchez790@correo.example,Mirador,2023-03-22
989,Carlos,Molina,carlos.molina989@correo.example,"Plaza Mayor",2023-02-11
456,Elena,Sánchez,elena.sanchez456@correo.example,"Sierra Roja",2023-04-07
766,Ana,Molina,ana.molina766@correo.example,"Bahía Serena",2024-11-14
82,Sara,Romero,sara.romero82@correo.example,"San Telmo",2024-01-24
595,Jorge,Molina,jorge.molina595@correo.example,"Las Dunas",2024-06-04
926,Iván,Moreno,ivan.moreno926@correo.example,"Puerto Claro",2023-07-07
842,Hugo,Martínez,hugo.martinez842@correo.example,"Sierra Roja",2024-06-29
29,Raúl,López,raul.lopez29@correo.example,"Parque Real",2024-08-14
958,Clara,Domínguez,clara.dominguez958@correo.example,"Plaza Mayor",2023-01-04
284,Carlos,Gómez,carlos.gomez284@correo.example,"Parque Real",2023-04-17
226,Ana,Ramos,ana.ramos226@correo.example,"Ciudad Central",2023-09-14
537,Sofía,Torres,sofia.torres537@correo.example,"Los Olivos",2024-11-10
134,Sara,Torres,sara.torres134@correo.example,"Piedra Blanca",2023-02-19
978,Sara,Díaz,sara.diaz978@correo.example,"Campo Dorado",2023-09-17
571,Paula,Díaz,paula.diaz571@correo.example,"Campo Dorado",2024-11-05
195,Marta,Sánchez,marta.sanchez195@correo.example,"Villa Alta",2024-10-02
71,Luis,Pérez,luis.perez71@correo.example,"Costa Azul",2023-05-24
933,Ana,Gómez,ana.gomez933@correo.example,"Bahía Serena",2023-04-22
715,Hugo,Romero,hugo.romero715@correo.example,"San Telmo",2024-05-05
885,María,García,"  MARIA.GARCIA885@CORREO.EXAMPLE ","Los Olivos",2023-01-15
927,Miguel,Muñoz,,"Costa Azul",2023-04-29
441,Nuria,Molina,nuria.molina441@correo.example,"Parque Real",2023-08-11
130,Iván,Romero,ivan.romero130@correo.example,"Costa Azul",2024-01-12
802,Irene,Vázquez,irene.vazquez802@correo.example,"Campo Dorado",2024-01-14
725,Óscar,Ramos,oscar.ramos725@correo.example,"Puerto Claro",2024-09-21
771,Miguel,Romero,miguel.romero771@correo.example,"Ciudad Central",2023-10-16
867,Miguel,Moreno,miguel.moreno867@correo.example,"Llano Verde",2023-05-15
584,Paula,Navarro,paula.navarro584@correo.example,"Puerto Claro",2023-06-22
337,Javier,Pérez,javier.perez337@correo.example,Mirador,2023-04-23
855,Nuria,Moreno,nuria.moreno855@correo.example,"Puerto Claro",2023-06-18
746,Javier,Moreno,javier.moreno746@correo.example,"El Cruce",2023-10-16
967,Iván,Díaz,ivan.diaz967@correo.example,"Parque Real",2024-09-04
141,Diego,Navarro,diego.navarro141@correo.example,"Parque Real",2023-08-31
700,Marta,Gil,marta.gil700@correo.example,"Campo Dorado",2023-06-21
796,Diego,Ramos,diego.ramos796@correo.example,"Villa Alta",2024-08-27
862,Javier,García,javier.garcia862@correo.example,"Costa Azul",2024-08-15
263,Miguel,Muñoz,miguel.munoz263@correo.example,Aguaclara,2023-04-03
703,Irene,Molina,irene.molina703@correo.example,"Llano Verde",2024-08-28
314,Nuria,Torres,nuria.torres314@correo.example,"Ciudad Central",2023-03-15
575,Clara,Gil,clara.gil575@correo.example,"Los Olivos",2024-07-02
692,Elena,Muñoz,elena.munoz692@correo.example,"Parque Real",2024-06-17
413,Pablo,Gómez,pablo.gomez413@correo.example,"El Cruce",2023-08-14
184,Ana,Gil,ana.gil184@correo.example,"Parque Real",2023-11-30
962,Sofía,Martínez,sofia.martinez962@correo.example,"Las Dunas",2023-05-17
4,Irene,García,irene.garcia4@correo.example,"Río Frío",2024-12-30
548,Irene,Sánchez,irene.sanchez548@correo.example,"Parque Real",2024-10-10
478,Hugo,García,hugo.garcia478@correo.example,"Campo Dorado",2023-01-06
269,Iván,López,ivan.lopez269@correo.example,"El Cruce",2024-08-10
62,Irene,Navarro,irene.navarro62@correo.example,"Costa Azul",2024-05-17
738,Hugo,Ruiz,hugo.ruiz738@correo.example,"Villa Alta",2024-10-21
612,Sara,Moreno,sara.moreno612@correo.example,"Parque Real",2023-02-01
767,Andrés,Molina,andres.molina767@correo.example,"Piedra Blanca",2024-03-04
96,Óscar,Navarro,"  OSCAR.NAVARRO96@CORREO.EXAMPLE ",Monteverde,2023-01-09
434,Clara,Gómez,clara.gomez434@correo.example,"San Telmo",2024-09-18
274,Andrés,Vázquez,andres.vazquez274@correo.example,"El Cruce",2024-03-16
369,Pablo,Moreno,pablo.moreno369@correo.example,"Río Frío",2024-05-06
228,Javier,Martínez,javier.martinez228@correo.example,"Piedra Blanca",2023-02-21
173,Pablo,Moreno,pablo.moreno173@correo.example,"Valle Nuevo",2024-04-09
871,Sara,Sánchez,sara.sanchez871@correo.example,"Plaza Mayor",2023-09-13
21,Miguel,Vázquez,miguel.vazquez21@correo.example,"Parque Real",2024-07-27
698,Sara,Sánchez,sara.sanchez698@correo.example,"Ciudad Central",2023-05-30
747,María,Gil,maria.gil747@correo.example,Aguaclara,2024-05-23
743,Paula,Gómez,paula.gomez743@correo.example,"Campo Dorado",2023-05-27
914,Andrés,Romero,andres.romero914@correo.example,Aguaclara,2024-06-03
524,Irene,Ruiz,,Mirador,2024-07-08
763,Luis,Moreno,,"Los Olivos",2024-07-06
835,Hugo,Romero,hugo.romero835@correo.example,"Plaza Mayor",2024-03-23
916,Paula,Gómez,paula.gomez916@correo.example,"Valle Nuevo",2023-09-21
822,Clara,Martínez,clara.martinez822@correo.example,"Bahía Serena",2024-07-09
922,Andrés,Martínez,andres.martinez922@correo.example,"Valle Nuevo",2023-03-14
191,Elena,Gil,elena.gil191@correo.example,"Bahía Serena",2024-07-04
262,Hugo,Torres,hugo.torres262@correo.example,"San Telmo",2023-08-22
152,Clara,Muñoz,clara.munoz152@correo.example,"Villa Alta",2024-06-08
734,Irene,Romero,irene.romero734@correo.example,"Los Olivos",2024-08-19
568,Hugo,Gil,hugo.gil568@correo.example,"Valle Nuevo",2023-08-19
756,Javier,Serrano,javier.serrano756@correo.example,"Río Frío",2024-05-21
814,María,Ruiz,maria.ruiz814@correo.example,"Las Dunas",2024-09-04
503,Laura,Ruiz,laura.ruiz503@correo.example,"Puerto Claro",2023-06-02
598,Miguel,Torres,miguel.torres598@correo.example,"Río Frío",2023-03-05
351,Sofía,Martínez,sofia.martinez351@correo.example,"Villa Alta",2024-11-10
341,Luis,Domínguez,luis.dominguez341@correo.example,"Plaza Mayor",2024-03-09
255,Clara,Serrano,clara.serrano255@correo.example,"Campo Dorado",2023-06-08
672,Lucía,Gómez,lucia.gomez672@correo.example,"Los Olivos",2024-05-25
482,Laura,Torres,laura.torres482@correo.example,"Plaza Mayor",2023-02-09
919,Nuria,García,nuria.garcia919@correo.example,"Costa Azul",2023-12-06
603,Iván,Gómez,ivan.gomez603@correo.example,"Llano Verde",2023-03-14
121,Irene,Muñoz,irene.munoz121@correo.example,"Llano Verde",2024-10-14
388,Clara,Torres,clara.torres388@correo.example,"Bahía Serena",2024-02-04
45,Elena,Molina,elena.molina45@correo.example,"Parque Real",2024-12-19
860,Nuria,García,nuria.garcia860@correo.example,"Llano Verde",2023-06-01
699,Nuria,Gil,nuria.gil699@correo.example,"Parque Real",2023-06-15
354,Hugo,Torres,hugo.torres354@correo.example,"Plaza Mayor",2024-07-08
142,Paula,López,paula.lopez142@correo.example,Monteverde,2024-07-30
737,Nuria,Vázquez,nuria.vazquez737@correo.example,"Bahía Serena",2023-06-30
939,Andrés,Martínez,andres.martinez939@correo.example,"Parque Real",2024-04-04
93,Diego,Domínguez,diego.dominguez93@correo.example,"Ciudad Central",2023-01-01
552,Marta,Sánchez,marta.sanchez552@correo.example,Monteverde,2023-01-09
47,Iván,Romero,ivan.romero47@correo.example,"Sierra Roja",2024-10-06
273,Iván,Martínez,ivan.martinez273@correo.example,"Llano Verde",2023-06-28
961,Raúl,Gil,raul.gil961@correo.example,Aguaclara,2024-02-05
212,Clara,Navarro,clara.navarro212@correo.example,"Bahía Serena",2024-10-24
73,Sofía,Pérez,sofia.perez73@correo.example,"San Telmo",2024-07-31
501,Andrés,Moreno,andres.moreno501@correo.example,"Costa Azul",2024-01-28
879,Andrés,García,andres.garcia879@correo.example,"Puerto Claro",2024-05-17
384,Paula,Serrano,paula.serrano384@correo.example,"Plaza Mayor",2023-10-15
938,María,Gil,maria.gil938@correo.example,"Bahía Serena",2023-07-13
987,Jorge,Pérez,jorge.perez987@correo.example,"Sierra Roja",2023-01-06
220,Lucía,García,lucia.garcia220@correo.example,"San Telmo",2023-12-05
645,Carlos,Ruiz,carlos.ruiz645@correo.example,"Parque Real",2024-05-17
653,María,López,maria.lopez653@correo.example,"Río Frío",2023-11-22
921,Laura,Gil,laura.gil921@correo.example,"Los Olivos",2024-09-19
472,Elena,Domínguez,elena.dominguez472@correo.example,"Valle Nuevo",2024-12-07
101,Lucía,Ruiz,lucia.ruiz101@correo.example,Aguaclara,2024-12-18
479,Pablo,García,pablo.garcia479@correo.example,Monteverde,2023-10-08
857,Nuria,Navarro,nuria.navarro857@correo.example,"Sierra Roja",2024-01-22
975,Nuria,Molina,nuria.molina975@correo.example,Mirador,2024-11-28
355,Marta,Sánchez,marta.sanchez355@correo.example,"Campo Dorado",2023-11-15
974,Carlos,Molina,"  CARLOS.MOLINA974@CORREO.EXAMPLE ","Valle Nuevo",2023-11-19
491,Marta,Moreno,"  MARTA.MORENO491@CORREO.EXAMPLE ","Plaza Mayor",2023-02-11
797,Carlos,Navarro,carlos.navarro797@correo.example,"Las Dunas",2024-08-13
459,Raúl,Torres,raul.torres459@correo.example,"El Cruce",2024-03-09
381,Pablo,Serrano,pablo.serrano381@correo.example,"Sierra Roja",2024-06-27
585,Sara,Álvarez,sara.alvarez585@correo.example,"El Cruce",2024-10-23
52,Sofía,Vázquez,sofia.vazquez52@correo.example,"Las Dunas",2024-10-22
620,Jorge,Martínez,jorge.martinez620@correo.example,Aguaclara,2024-05-12
514,Marta,Molina,marta.molina514@correo.example,"Las Dunas",2024-03-22
385,Diego,Sánchez,diego.sanchez385@correo.example,"Plaza Mayor",2024-03-01
890,Carlos,Torres,carlos.torres890@correo.example,Aguaclara,2023-04-25
829,Jorge,Álvarez,jorge.alvarez829@correo.example,Monteverde,2023-03-21
258,Hugo,Domínguez,,"Bahía Serena",2023-11-08
640,Marta,Gómez,,"Parque Real",2023-12-08
312,María,Domínguez,maria.dominguez312@correo.example,"Villa Alta",2024-01-22
227,Marta,Vázquez,marta.vazquez227@correo.example,Mirador,2024-02-29
801,María,Díaz,maria.diaz801@correo.example,"Río Frío",2023-07-05
526,Óscar,Álvarez,oscar.alvarez526@correo.example,"Puerto Claro",2024-11-14
74,Pablo,Gil,pablo.gil74@correo.example,"Costa Azul",2023-10-28
984,Sofía,Pérez,sofia.perez984@correo.example,"Sierra Roja",2024-10-04
688,Elena,Martínez,elena.martinez688@correo.example,"Llano Verde",2024-05-14
295,Andrés,Muñoz,,Mirador,2023-02-08
113,Óscar,Navarro,oscar.navarro113@correo.example,"Llano Verde",2023-03-21
904,Jorge,Romero,jorge.romero904@correo.example,"Llano Verde",2023-03-28
166,María,López,maria.lopez166@correo.example,"El Cruce",2023-05-05
899,Diego,Domínguez,diego.dominguez899@correo.example,"Las Dunas",2024-10-17
805,Irene,Torres,irene.torres805@correo.example,"San Telmo",2023-07-02
856,Nuria,Muñoz,nuria.munoz856@correo.example,"Parque Real",2023-12-07
671,Elena,Martínez,elena.martinez671@correo.example,"Villa Alta",2024-07-09
129,Diego,Molina,diego.molina129@correo.example,"Llano Verde",2023-10-17
663,Ana,Álvarez,ana.alvarez663@correo.example,"Río Frío",2023-10-06
358,Óscar,Díaz,oscar.diaz358@correo.example,"Villa Alta",2023-10-09
812,Carlos,Navarro,carlos.navarro812@correo.example,Mirador,2023-07-27
897,Sofía,Pérez,sofia.perez897@correo.example,"Parque Real",2023-05-25
858,Andrés,Álvarez,andres.alvarez858@correo.example,"Puerto Claro",2023-09-20
529,Diego,García,diego.garcia529@correo.example,"Llano Verde",2023-01-24
882,Luis,Pérez,luis.perez882@correo.example,"Los Olivos",2024-02-10
398,Ana,Serrano,ana.serrano398@correo.example,"Los Olivos",2024-01-21
895,Andrés,Navarro,andres.navarro895@correo.example,"Campo Dorado",2024-09-25
934,Hugo,Gil,hugo.gil934@correo.example,"Plaza Mayor",2023-05-13
868,Paula,Romero,paula.romero868@correo.example,"Piedra Blanca",2023-11-25
827,María,López,maria.lopez827@correo.example,"Sierra Roja",2023-12-10
609,Sofía,Gil,sofia.gil609@correo.example,"Valle Nuevo",2023-09-16
35,Marta,Gil,marta.gil35@correo.example,"Plaza Mayor",2024-08-04
114,Luis,Vázquez,luis.vazquez114@correo.example,"Sierra Roja",2024-09-14
382,María,Molina,maria.molina382@correo.example,"Plaza Mayor",2024-08-18
65,Diego,Ruiz,diego.ruiz65@correo.example,"Campo Dorado",2024-05-17
859,Ana,Muñoz,ana.munoz859@correo.example,"Puerto Claro",2024-11-18
72,Javier,Gil,javier.gil72@correo.example,"Bahía Serena",2023-10-29
853,Laura,Gil,laura.gil853@correo.example,Monteverde,2023-04-06
523,Luis,Torres,luis.torres523@correo.example,"Villa Alta",2023-11-30
986,Nuria,Sánchez,nuria.sanchez986@correo.example,"Los Olivos",2023-09-09
468,Irene,Torres,irene.torres468@correo.example,"Ciudad Central",2024-12-14
63,Elena,Navarro,elena.navarro63@correo.example,"Río Frío",2024-04-27
923,Marta,Martínez,marta.martinez923@correo.example,"Bahía Serena",2024-11-15
249,Irene,Ramos,irene.ramos249@correo.example,"El Cruce",2023-02-09
793,Elena,Gómez,elena.gomez793@correo.example,"San Telmo",2024-05-29
146,Sofía,Gil,sofia.gil146@correo.example,"Villa Alta",2024-09-25
951,Javier,Navarro,javier.navarro951@correo.example,"Ciudad Central",2024-05-10
465,Lucía,Moreno,lucia.moreno465@correo.example,"Los Olivos",2023-05-16
368,Elena,Muñoz,elena.munoz368@correo.example,"Río Frío",2024-03-28
216,Nuria,Gómez,,Mirador,2023-07-22
925,María,Martínez,maria.martinez925@correo.example,"Piedra Blanca",2023-08-09
652,María,Ramos,maria.ramos652@correo.example,"Campo Dorado",2023-07-18
911,Irene,Ruiz,irene.ruiz911@correo.example,"Costa Azul",2023-03-14
866,Hugo,Serrano,hugo.serrano866@correo.example,"Las Dunas",2024-05-07
586,Laura,Torres,laura.torres586@correo.example,"Llano Verde",2023-10-17
79,Irene,Ruiz,irene.ruiz79@correo.example,"Las Dunas",2024-05-04
806,Paula,Torres,paula.torres806@correo.example,Aguaclara,2024-04-20
483,Lucía,Domínguez,lucia.dominguez483@correo.example,"El Cruce",2023-05-12
208,Laura,Molina,laura.molina208@correo.example,"El Cruce",2024-11-21
553,Paula,Torres,paula.torres553@correo.example,"Puerto Claro",2023-07-22
917,Diego,Ramos,diego.ramos917@correo.example,"Piedra Blanca",2023-09-28
515,María,Ruiz,maria.ruiz515@correo.example,Mirador,2024-06-15
421,Clara,López,clara.lopez421@correo.example,"Las Dunas",2023-03-30
322,María,Serrano,maria.serrano322@correo.example,"El Cruce",2024-07-01
969,Irene,Serrano,irene.serrano969@correo.example,Mirador,2023-04-21
401,Laura,Gil,laura.gil401@correo.example,"Puerto Claro",2024-08-23
487,Hugo,Romero,hugo.romero487@correo.example,"Costa Azul",2023-10-06
25,Óscar,Sánchez,oscar.sanchez25@correo.example,"Plaza Mayor",2024-01-24
293,María,López,maria.lopez293@correo.example,"Plaza Mayor",2024-05-29
271,Elena,Serrano,elena.serrano271@correo.example,Mirador,2023-08-23
861,Javier,Serrano,javier.serrano861@correo.example,Monteverde,2023-09-01
712,Javier,López,javier.lopez712@correo.example,"Parque Real",2023-10-09
245,Luis,Díaz,luis.diaz245@correo.example,"Puerto Claro",2024-08-16
954,Jorge,Ruiz,jorge.ruiz954@correo.example,"Villa Alta",2023-10-15
952,Marta,Gómez,marta.gomez952@correo.example,"Plaza Mayor",2024-06-25
318,Óscar,Serrano,oscar.serrano318@correo.example,Monteverde,2024-03-03
17,Ana,Pérez,ana.perez17@correo.example,"Río Frío",2024-12-19
268,Óscar,Vázquez,oscar.vazquez268@correo.example,Mirador,2024-06-16
892,Nuria,Ramos,nuria.ramos892@correo.example,"Valle Nuevo",2024-07-06
379,Elena,Gil,elena.gil379@correo.example,"Río Frío",2024-07-03
628,Raúl,García,raul.garcia628@correo.example,"Sierra Roja",2024-06-09
306,Ana,Gómez,ana.gomez306@correo.example,"Costa Azul",2023-10-04
347,Carlos,Muñoz,carlos.munoz347@correo.example,"Villa Alta",2024-10-26
720,Paula,López,paula.lopez720@correo.example,"El Cruce",2023-06-18
742,Pablo,García,pablo.garcia742@correo.example,"Sierra Roja",2023-08-13
713,Clara,Pérez,clara.perez713@correo.example,"Piedra Blanca",2023-08-25
949,Ana,Díaz,ana.diaz949@correo.example,Mirador,2023-03-09
538,Sara,Torres,sara.torres538@correo.example,"Campo Dorado",2024-02-23
286,Irene,Vázquez,irene.vazquez286@correo.example,"Ciudad Central",2024-10-31
323,Clara,Domínguez,clara.dominguez323@correo.example,"San Telmo",2023-12-21
131,Andrés,Moreno,andres.moreno131@correo.example,"Llano Verde",2024-07-20
450,Elena,Vázquez,elena.vazquez450@correo.example,Aguaclara,2023-11-29
838,Ana,Pérez,ana.perez838@correo.example,"Puerto Claro",2024-09-30
430,Miguel,Álvarez,miguel.alvarez430@correo.example,"Villa Alta",2024-01-29
773,Jorge,Sánchez,jorge.sanchez773@correo.example,"Ciudad Central",2023-06-10
615,Lucía,López,lucia.lopez615@correo.example,"Sierra Roja",2023-01-06
937,Sara,López,sara.lopez937@correo.example,Mirador,2023-06-02
179,Lucía,Domínguez,lucia.dominguez179@correo.example,Monteverde,2023-08-11
718,Irene,Ruiz,irene.ruiz718@correo.example,"Parque Real",2023-08-01
188,Miguel,Sánchez,miguel.sanchez188@correo.example,"El Cruce",2023-07-10
102,Carlos,Muñoz,carlos.munoz102@correo.example,"Costa Azul",2023-12-26
49,Lucía,Díaz,lucia.diaz49@correo.example,"San Telmo",2023-03-14
677,Irene,Domínguez,irene.dominguez677@correo.example,Aguaclara,2023-10-19
100,María,Moreno,maria.moreno100@correo.example,"Ciudad Central",2024-09-27
705,Sofía,Ramos,sofia.ramos705@correo.example,"Bahía Serena",2024-08-09
78,Miguel,Domínguez,miguel.dominguez78@correo.example,Aguaclara,2023-04-27
839,Sofía,Gómez,,"Piedra Blanca",2023-09-20
165,Pablo,Gil,pablo.gil165@correo.example,"Las Dunas",2024-07-28
109,María,Muñoz,maria.munoz109@correo.example,Monteverde,2023-01-12
328,Sofía,Álvarez,sofia.alvarez328@correo.example,"Parque Real",2024-04-11
224,Andrés,Navarro,andres.navarro224@correo.example,"Costa Azul",2023-01-17
675,Elena,Romero,elena.romero675@correo.example,"Parque Real",2023-08-27
125,Óscar,Pérez,oscar.perez125@correo.example,"Valle Nuevo",2023-07-17
807,Luis,Gómez,luis.gomez807@correo.example,"Ciudad Central",2023-11-07
313,Marta,Molina,marta.molina313@correo.example,"Campo Dorado",2023-06-02
522,Pablo,Torres,pablo.torres522@correo.example,"El Cruce",2023-01-07
955,Lucía,Gómez,lucia.gomez955@correo.example,"Ciudad Central",2024-12-26
996,Óscar,Molina,oscar.molina996@correo.example,"Parque Real",2023-01-29
593,Paula,Navarro,,Aguaclara,2023-06-18
426,Diego,Moreno,diego.moreno426@correo.example,Mirador,2023-04-30
174,Carlos,Pérez,carlos.perez174@correo.example,"Plaza Mayor",2023-08-12
391,Paula,Moreno,paula.moreno391@correo.example,"Sierra Roja",2023-12-03
38,Andrés,Muñoz,andres.munoz38@correo.example,"Ciudad Central",2024-11-14
484,Jorge,Ruiz,jorge.ruiz484@correo.example,"Campo Dorado",2024-05-16
275,Nuria,Ruiz,nuria.ruiz275@correo.example,"Plaza Mayor",2023-08-02
717,Luis,Ruiz,luis.ruiz717@correo.example,"Piedra Blanca",2023-10-23
407,Nuria,Díaz,nuria.diaz407@correo.example,"Las Dunas",2024-02-08
815,Hugo,Molina,hugo.molina815@correo.example,"Sierra Roja",2023-01-07
691,Diego,Sánchez,diego.sanchez691@correo.example,"Plaza Mayor",2023-04-21
959,Pablo,Pérez,pablo.perez959@correo.example,"Las Dunas",2024-06-13
510,Marta,Molina,marta.molina510@correo.example,"Plaza Mayor",2024-07-19
154,Sofía,García,sofia.garcia154@correo.example,"Sierra Roja",2023-08-26
260,Ana,Serrano,ana.serrano260@correo.example,"Puerto Claro",2023-12-09
635,Andrés,Ramos,andres.ramos635@correo.example,"Las Dunas",2024-08-28
783,Iván,Torres,ivan.torres783@correo.example,"Bahía Serena",2024-03-23
565,Andrés,Domínguez,andres.dominguez565@correo.example,"Valle Nuevo",2024-07-06
436,Clara,Pérez,clara.perez436@correo.example,"Ciudad Central",2024-08-22
218,María,Pérez,maria.perez218@correo.example,"Río Frío",2023-07-13
628,Raúl,García,"  RAUL.GARCIA628@CORREO.EXAMPLE ","Sierra Roja",2024-06-09
733,Clara,Vázquez,clara.vazquez733@correo.example,"Plaza Mayor",2023-03-29
27,Jorge,Díaz,jorge.diaz27@correo.example,"San Telmo",2024-06-10
402,Sara,López,sara.lopez402@correo.example,"Río Frío",2024-05-03
200,Iván,Serrano,ivan.serrano200@correo.example,"Valle Nuevo",2023-02-11
168,Andrés,Díaz,andres.diaz168@correo.example,"Ciudad Central",2024-12-21
2,Clara,Gil,,"Villa Alta",2023-01-19
769,Irene,Pérez,irene.perez769@correo.example,"Piedra Blanca",2023-12-17
365,Sofía,Muñoz,sofia.munoz365@correo.example,"Campo Dorado",2024-09-14
39,Carlos,Pérez,carlos.perez39@correo.example,"Valle Nuevo",2023-09-15
439,Carlos,Martínez,carlos.martinez439@correo.example,"Villa Alta",2023-06-28
764,Ana,Vázquez,ana.vazquez764@correo.example,"El Cruce",2024-08-18
265,Andrés,Álvarez,andres.alvarez265@correo.example,Monteverde,2024-11-06
363,Paula,Pérez,paula.perez363@correo.example,"El Cruce",2024-10-23
541,María,López,maria.lopez541@correo.example,"Bahía Serena",2023-07-06
143,Marta,Gil,marta.gil143@correo.example,"Piedra Blanca",2024-03-23
36,Ana,Moreno,ana.moreno36@correo.example,"Plaza Mayor",2023-09-07
820,Raúl,Molina,,"Valle Nuevo",2023-12-19
551,Laura,Serrano,"  LAURA.SERRANO551@CORREO.EXAMPLE ","Plaza Mayor",2024-05-16
160,Luis,Álvarez,luis.alvarez160@correo.example,"Bahía Serena",2023-02-03
240,Javier,Gil,javier.gil240@correo.example,"Las Dunas",2023-01-23
777,Lucía,Molina,lucia.molina777@correo.example,"Puerto Claro",2024-11-26
521,Laura,Navarro,laura.navarro521@correo.example,"Llano Verde",2023-04-19
851,Sara,Sánchez,sara.sanchez851@correo.example,"Plaza Mayor",2024-12-11
965,Óscar,Gómez,oscar.gomez965@correo.example,"Parque Real",2024-05-16
676,Jorge,Ruiz,jorge.ruiz676@correo.example,"Las Dunas",2023-06-05
872,María,Ramos,maria.ramos872@correo.example,"Piedra Blanca",2024-09-13
9,Sara,Serrano,sara.serrano9@correo.example,"Las Dunas",2024-06-17
427,Sara,López,,"San Telmo",2023-03-25
387,Diego,Romero,diego.romero387@correo.example,"Ciudad Central",2023-12-11
86,Irene,Romero,irene.romero86@correo.example,"Ciudad Central",2023-10-22
94,María,Romero,maria.romero94@correo.example,Monteverde,2023-11-05
828,Pablo,Martínez,pablo.martinez828@correo.example,"Sierra Roja",2024-10-06
66,Elena,Martínez,elena.martinez66@correo.example,"Villa Alta",2023-07-12
243,Sara,López,sara.lopez243@correo.example,"Puerto Claro",2023-04-18
238,Javier,Gil,javier.gil238@correo.example,"Campo Dorado",2023-03-03
504,Óscar,Serrano,oscar.serrano504@correo.example,"Bahía Serena",2024-01-23
616,Jorge,Gómez,jorge.gomez616@correo.example,"Bahía Serena",2023-03-05
405,Carlos,Gil,carlos.gil405@correo.example,"Valle Nuevo",2024-10-11
364,Miguel,Muñoz,miguel.munoz364@correo.example,Monteverde,2024-03-16
229,Jorge,Gómez,jorge.gomez229@correo.example,"Villa Alta",2023-03-21
433,Óscar,Molina,oscar.molina433@correo.example,"Plaza Mayor",2023-05-11
156,Luis,Gómez,luis.gomez156@correo.example,Aguaclara,2024-09-12
658,Irene,Navarro,irene.navarro658@correo.example,"Valle Nuevo",2023-12-06
704,Pablo,Ramos,pablo.ramos704@correo.example,Aguaclara,2024-10-10
15,Miguel,Muñoz,miguel.munoz15@correo.example,"San Telmo",2024-04-26
627,Luis,Moreno,,Monteverde,2023-06-03
561,Raúl,Ruiz,raul.ruiz561@correo.example,"Ciudad Central",2024-08-21
680,Paula,Romero,paula.romero680@correo.example,"Valle Nuevo",2024-01-26
590,Nuria,Molina,nuria.molina590@correo.example,Mirador,2023-09-02
375,Sofía,Álvarez,sofia.alvarez375@correo.example,"Costa Azul",2023-12-24
730,Raúl,Moreno,raul.moreno730@correo.example,Mirador,2024-01-28
707,Nuria,Romero,nuria.romero707@correo.example,Aguaclara,2024-01-01
831,Iván,Gómez,ivan.gomez831@correo.example,"Plaza Mayor",2023-09-22
308,María,García,maria.garcia308@correo.example,"Valle Nuevo",2024-11-26
495,Clara,Pérez,clara.perez495@correo.example,"Piedra Blanca",2024-03-29
285,Pablo,Ruiz,pablo.ruiz285@correo.example,"Sierra Roja",2023-02-14
164,Óscar,Martínez,oscar.martinez164@correo.example,"Campo Dorado",2023-06-09
41,Sara,Serrano,sara.serrano41@correo.example,"Piedra Blanca",2023-02-09
701,Raúl,López,raul.lopez701@correo.example,"Plaza Mayor",2023-06-14
431,Javier,Navarro,javier.navarro431@correo.example,"Parque Real",2024-03-21
236,Nuria,Moreno,nuria.moreno236@correo.example,"San Telmo",2024-09-25
197,Irene,Moreno,irene.moreno197@correo.example,"El Cruce",2023-08-02
410,Hugo,Martínez,hugo.martinez410@correo.example,"Campo Dorado",2024-04-12
444,Paula,Gil,,"Villa Alta",2023-06-14
26,Irene,Gil,irene.gil26@correo.example,"Parque Real",2023-10-27
333,Laura,Ramos,laura.ramos333@correo.example,"Valle Nuevo",2023-06-03
545,Elena,Romero,elena.romero545@correo.example,"Plaza Mayor",2023-07-17
534,Sara,Vázquez,sara.vazquez534@correo.example,"Sierra Roja",2024-09-21
728,Hugo,Moreno,hugo.moreno728@correo.example,"Campo Dorado",2023-08-08
928,Paula,García,paula.garcia928@correo.example,"Bahía Serena",2024-08-15
360,Hugo,García,hugo.garcia360@correo.example,"El Cruce",2023-11-21
344,Laura,Muñoz,laura.munoz344@correo.example,Mirador,2024-10-14
60,Lucía,Ramos,lucia.ramos60@correo.example,"Villa Alta",2023-12-25
428,Andrés,Gómez,andres.gomez428@correo.example,"Costa Azul",2023-08-23
569,Nuria,Romero,nuria.romero569@correo.example,"Villa Alta",2023-01-02
724,Javier,Martínez,javier.martinez724@correo.example,"San Telmo",2024-11-18
132,Javier,Molina,javier.molina132@correo.example,"Plaza Mayor",2024-11-02
588,Diego,Díaz,diego.diaz588@correo.example,Aguaclara,2023-08-20
149,Raúl,Pérez,raul.perez149@correo.example,"Plaza Mayor",2023-05-06
953,Marta,Ruiz,marta.ruiz953@correo.example,"Costa Azul",2024-01-31
594,Clara,Vázquez,clara.vazquez594@correo.example,Aguaclara,2023-10-06
99,Óscar,García,oscar.garcia99@correo.example,"Ciudad Central",2024-03-12
48,Paula,Domínguez,paula.dominguez48@correo.example,"Piedra Blanca",2023-02-07
1,Pablo,Ramos,pablo.ramos1@correo.example,"Piedra Blanca",2024-09-10
140,Laura,Martínez,laura.martinez140@correo.example,"Bahía Serena",2023-02-11
576,Jorge,Gil,jorge.gil576@correo.example,"Llano Verde",2023-05-28
44,Hugo,Díaz,hugo.diaz44@correo.example,"San Telmo",2023-10-27
762,Sofía,Torres,sofia.torres762@correo.example,"Llano Verde",2023-06-26
633,Irene,Molina,irene.molina633@correo.example,"El Cruce",2024-01-03
660,Miguel,Molina,miguel.molina660@correo.example,"Sierra Roja",2024-11-06
580,Irene,Molina,irene.molina580@correo.example,Aguaclara,2023-03-04
629,Ana,García,ana.garcia629@correo.example,"Bahía Serena",2023-05-12
613,Javier,Moreno,javier.moreno613@correo.example,Monteverde,2023-12-14
816,Iván,Muñoz,ivan.munoz816@correo.example,Monteverde,2024-03-05
710,Luis,Torres,luis.torres710@correo.example,"Río Frío",2024-05-15
400,Elena,Gil,"  ELENA.GIL400@CORREO.EXAMPLE ","Llano Verde",2024-11-28
19,Raúl,Pérez,raul.perez19@correo.example,"Los Olivos",2024-03-18
818,Iván,Serrano,ivan.serrano818@correo.example,"Campo Dorado",2023-06-23
993,Hugo,Moreno,hugo.moreno993@correo.example,"Las Dunas",2023-03-16
808,Marta,Gómez,marta.gomez808@correo.example,Monteverde,2023-05-13
943,Jorge,López,jorge.lopez943@correo.example,"Puerto Claro",2023-03-19
278,Marta,Sánchez,marta.sanchez278@correo.example,"Campo Dorado",2023-04-02
983,Marta,Sánchez,marta.sanchez983@correo.example,"Las Dunas",2024-05-31
535,Sara,Álvarez,sara.alvarez535@correo.example,"Llano Verde",2023-03-05
819,Raúl,Romero,raul.romero819@correo.example,"Sierra Roja",2024-12-08
902,Andrés,Muñoz,andres.munoz902@correo.example,Mirador,2024-03-25
359,Jorge,Pérez,jorge.perez359@correo.example,"Plaza Mayor",2023-05-29
891,Carlos,Vázquez,carlos.vazquez891@correo.example,Mirador,2024-12-29
719,Raúl,Gil,,"Ciudad Central",2023-02-04
847,Marta,Díaz,marta.diaz847@correo.example,"Villa Alta",2023-09-25
809,Paula,Ramos,paula.ramos809@correo.example,"Costa Azul",2023-01-02
491,Marta,Moreno,marta.moreno491@correo.example,"Plaza Mayor",2023-02-11
556,Laura,Martínez,laura.martinez556@correo.example,"Villa Alta",2023-08-05
920,Miguel,Álvarez,miguel.alvarez920@correo.example,"Piedra Blanca",2024-12-27
1000,Sara,Romero,sara.romero1000@correo.example,"Costa Azul",2024-01-26
966,Luis,Sánchez,luis.sanchez966@correo.example,"Bahía Serena",2023-07-06
138,Iván,Torres,ivan.torres138@correo.example,"Valle Nuevo",2023-12-05
103,Pablo,Vázquez,pablo.vazquez103@correo.example,Aguaclara,2024-08-10
282,Laura,Pérez,laura.perez282@correo.example,"Bahía Serena",2023-07-17
419,Javier,Domínguez,,Mirador,2023-02-20
342,Javier,Álvarez,javier.alvarez342@correo.example,"Las Dunas",2023-10-22
474,Sofía,García,sofia.garcia474@correo.example,"Plaza Mayor",2023-05-19
84,María,Gil,maria.gil84@correo.example,"Parque Real",2023-08-05
739,Elena,Ruiz,elena.ruiz739@correo.example,"Valle Nuevo",2023-10-29
716,Óscar,Moreno,oscar.moreno716@correo.example,"Parque Real",2024-03-06
304,Luis,Vázquez,luis.vazquez304@correo.example,"Río Frío",2023-04-04
250,Diego,Gil,diego.gil250@correo.example,"Costa Azul",2023-04-22
696,Andrés,López,andres.lopez696@correo.example,"Parque Real",2024-02-29
792,Miguel,Ruiz,miguel.ruiz792@correo.example,"Sierra Roja",2023-04-18
51,Irene,Navarro,irene.navarro51@correo.example,Mirador,2023-11-25
455,Sofía,Serrano,sofia.serrano455@correo.example,"Bahía Serena",2024-08-01
794,María,Domínguez,maria.dominguez794@correo.example,"San Telmo",2023-08-20
361,Nuria,García,nuria.garcia361@correo.example,"Ciudad Central",2024-10-08
392,Javier,Moreno,javier.moreno392@correo.example,Monteverde,2023-12-08
390,Pablo,Martínez,pablo.martinez390@correo.example,"San Telmo",2023-09-14
297,Nuria,Romero,nuria.romero297@correo.example,"Río Frío",2023-11-20
442,Raúl,Martínez,raul.martinez442@correo.example,"Plaza Mayor",2024-01-11
833,Sofía,Molina,sofia.molina833@correo.example,"Valle Nuevo",2024-07-04
199,Marta,Martínez,marta.martinez199@correo.example,"El Cruce",2024-08-04
372,Nuria,Díaz,nuria.diaz372@correo.example,"Campo Dorado",2023-06-27
221,Javier,Gómez,javier.gomez221@correo.example,"Los Olivos",2024-05-11
800,Javier,Ruiz,javier.ruiz800@correo.example,"Piedra Blanca",2024-05-14
270,Iván,Martínez,,"Las Dunas",2023-03-16
664,Marta,Álvarez,marta.alvarez664@correo.example,"Los Olivos",2023-05-29
135,Nuria,Serrano,nuria.serrano135@correo.example,"Costa Azul",2024-10-04
157,Jorge,Gil,jorge.gil157@correo.example,"Las Dunas",2023-02-11
731,Diego,Domínguez,diego.dominguez731@correo.example,"Ciudad Central",2024-09-01
907,Clara,Ramos,clara.ramos907@correo.example,Monteverde,2023-09-23
684,Sofía,Martínez,sofia.martinez684@correo.example,"Costa Azul",2023-09-22
924,Javier,Álvarez,javier.alvarez924@correo.example,"Río Frío",2024-08-04
403,Laura,López,laura.lopez403@correo.example,"Villa Alta",2024-07-08
348,Sofía,López,sofia.lopez348@correo.example,"Los Olivos",2024-10-18
29,Raúl,López,"  RAUL.LOPEZ29@CORREO.EXAMPLE ","Parque Real",2024-08-14
420,Carlos,Díaz,carlos.diaz420@correo.example,"Las Dunas",2023-08-17
655,Diego,Ruiz,diego.ruiz655@correo.example,"Bahía Serena",2023-08-06
462,Sara,Álvarez,sara.alvarez462@correo.example,"Piedra Blanca",2023-05-17
395,Óscar,Ruiz,oscar.ruiz395@correo.example,"Valle Nuevo",2024-05-21
811,Miguel,Díaz,miguel.diaz811@correo.example,"Llano Verde",2024-05-17
581,Luis,Martínez,luis.martinez581@correo.example,Aguaclara,2024-09-24
757,Laura,Ruiz,laura.ruiz757@correo.example,"Puerto Claro",2023-05-31
634,Diego,López,diego.lopez634@correo.example,"Puerto Claro",2024-07-12
232,María,Molina,maria.molina232@correo.example,"Puerto Claro",2023-06-05
813,Jorge,Gil,jorge.gil813@correo.example,Aguaclara,2024-06-18
467,Jorge,Torres,jorge.torres467@correo.example,"Puerto Claro",2024-04-29
625,Luis,Domínguez,luis.dominguez625@correo.example,"San Telmo",2024-09-26
832,Carlos,Sánchez,carlos.sanchez832@correo.example,Aguaclara,2023-05-02
785,María,Serrano,maria.serrano785@correo.example,"Río Frío",2023-11-29
870,Hugo,Romero,hugo.romero870@correo.example,"Costa Azul",2024-09-10
791,Elena,Sánchez,elena.sanchez791@correo.example,"Valle Nuevo",2023-06-01
68,Iván,Sánchez,ivan.sanchez68@correo.example,"Plaza Mayor",2023-07-21
536,Hugo,Gil,hugo.gil536@correo.example,"Río Frío",2023-05-29
246,Luis,Ruiz,,"Piedra Blanca",2024-03-29
496,Pablo,Muñoz,pablo.munoz496@correo.example,Mirador,2024-09-05
446,Carlos,García,carlos.garcia446@correo.example,"Río Frío",2023-03-13
619,Clara,Gómez,clara.gomez619@correo.example,"Costa Azul",2023-05-25
644,Óscar,Ruiz,oscar.ruiz644@correo.example,Monteverde,2024-03-05
587,Miguel,Domínguez,miguel.dominguez587@correo.example,"Bahía Serena",2024-02-13
69,Andrés,Torres,andres.torres69@correo.example,"Los Olivos",2023-03-15
843,Luis,Díaz,luis.diaz843@correo.example,"Río Frío",2024-03-05
878,Andrés,Sánchez,andres.sanchez878@correo.example,"Llano Verde",2024-07-29
349,Luis,Serrano,luis.serrano349@correo.example,"Puerto Claro",2023-03-21
689,Raúl,Moreno,raul.moreno689@correo.example,"Ciudad Central",2023-01-28
795,Diego,Sánchez,diego.sanchez795@correo.example,"Puerto Claro",2024-03-15
400,Elena,Gil,elena.gil400@correo.example,"Llano Verde",2024-11-28
460,María,Domínguez,maria.dominguez460@correo.example,Monteverde,2024-12-20
837,Laura,Martínez,laura.martinez837@correo.example,Aguaclara,2024-05-01
233,Carlos,Torres,carlos.torres233@correo.example,"Villa Alta",2023-09-02
778,Jorge,Torres,jorge.torres778@correo.example,"Los Olivos",2023-06-26
874,Jorge,Vázquez,jorge.vazquez874@correo.example,"Ciudad Central",2023-08-18
690,Lucía,Vázquez,lucia.vazquez690@correo.example,"Las Dunas",2024-09-29
24,Jorge,Sánchez,"  JORGE.SANCHEZ24@CORREO.EXAMPLE ","Ciudad Central",2023-08-11
599,Javier,Molina,javier.molina599@correo.example,"Sierra Roja",2023-10-27
770,Jorge,Gómez,jorge.gomez770@correo.example,"Piedra Blanca",2024-11-27
869,Óscar,Martínez,oscar.martinez869@correo.example,Aguaclara,2024-06-15
947,Lucía,Molina,lucia.molina947@correo.example,"Bahía Serena",2024-11-13
298,Miguel,Sánchez,miguel.sanchez298@correo.example,Mirador,2023-04-01
127,Sara,Sánchez,sara.sanchez127@correo.example,"Las Dunas",2024-10-16
167,Óscar,Moreno,oscar.moreno167@correo.example,"Las Dunas",2024-08-14
151,Carlos,Muñoz,carlos.munoz151@correo.example,Monteverde,2023-10-11
905,Raúl,Romero,raul.romero905@correo.example,Mirador,2024-07-28
238,Javier,Gil,"  JAVIER.GIL238@CORREO.EXAMPLE ","Campo Dorado",2023-03-03
302,Miguel,Muñoz,miguel.munoz302@correo.example,Mirador,2024-12-24
283,Laura,Pérez,,"Parque Real",2024-10-14
754,Elena,Serrano,elena.serrano754@correo.example,"Puerto Claro",2023-01-08
681,Pablo,Domínguez,pablo.dominguez681@correo.example,"Llano Verde",2024-01-07
973,Irene,Sánchez,irene.sanchez973@correo.example,"Llano Verde",2024-11-24
242,Jorge,Ruiz,jorge.ruiz242@correo.example,"Parque Real",2023-11-16
257,Paula,Gómez,paula.gomez257@correo.example,"Río Frío",2024-09-17
396,Diego,Muñoz,diego.munoz396@correo.example,"Costa Azul",2024-03-06
682,Luis,Torres,luis.torres682@correo.example,"Campo Dorado",2024-08-08
119,Raúl,Vázquez,raul.vazquez119@correo.example,"Plaza Mayor",2023-03-08
345,Carlos,Ramos,carlos.ramos345@correo.example,Mirador,2024-10-24
970,Óscar,Navarro,oscar.navarro970@correo.example,"Los Olivos",2023-04-06
310,Nuria,Vázquez,nuria.vazquez310@correo.example,Aguaclara,2023-03-04
261,Hugo,Álvarez,hugo.alvarez261@correo.example,"Los Olivos",2023-07-08
913,Laura,Ruiz,laura.ruiz913@correo.example,"Puerto Claro",2024-11-15
67,Nuria,Navarro,nuria.navarro67@correo.example,"El Cruce",2024-05-23
543,Diego,Martínez,diego.martinez543@correo.example,"San Telmo",2024-02-24
42,Clara,Molina,clara.molina42@correo.example,"Plaza Mayor",2023-10-26
23,Sara,Vázquez,sara.vazquez23@correo.example,Aguaclara,2024-05-05
611,Elena,Ramos,elena.ramos611@correo.example,"Valle Nuevo",2024-05-11
657,Iván,Navarro,"  IVAN.NAVARRO657@CORREO.EXAMPLE ","Piedra Blanca",2023-05-28
729,Óscar,Navarro,oscar.navarro729@correo.example,"San Telmo",2023-01-26
362,Clara,Martínez,clara.martinez362@correo.example,"Puerto Claro",2024-03-08
921,Laura,Gil,"  LAURA.GIL921@CORREO.EXAMPLE ","Los Olivos",2024-09-19
997,María,Romero,maria.romero997@correo.example,"Piedra Blanca",2024-01-24
824,Óscar,Pérez,oscar.perez824@correo.example,"Parque Real",2024-06-30
886,Elena,López,elena.lopez886@correo.example,"Villa Alta",2024-08-02
112,Miguel,Molina,miguel.molina112@correo.example,"Llano Verde",2024-03-08
610,Luis,Ruiz,luis.ruiz610@correo.example,"Ciudad Central",2024-05-18
448,María,Sánchez,maria.sanchez448@correo.example,"Costa Azul",2023-06-07
736,Marta,Álvarez,marta.alvarez736@correo.example,"Piedra Blanca",2023-03-24
661,Lucía,Domínguez,lucia.dominguez661@correo.example,"Las Dunas",2024-06-02
159,Hugo,Muñoz,hugo.munoz159@correo.example,"Campo Dorado",2024-08-23
481,Sofía,Ruiz,sofia.ruiz481@correo.example,"Campo Dorado",2024-07-28
735,Elena,López,elena.lopez735@correo.example,"Plaza Mayor",2024-08-11
292,Diego,Gil,diego.gil292@correo.example,"Campo Dorado",2024-12-29
389,Óscar,Vázquez,oscar.vazquez389@correo.example,"Las Dunas",2023-09-06
528,Luis,Pérez,luis.perez528@correo.example,"Villa Alta",2024-07-12
508,Javier,Ramos,javier.ramos508@correo.example,"Llano Verde",2024-05-31
845,Diego,Moreno,diego.moreno845@correo.example,Mirador,2023-10-08
440,Miguel,Ruiz,miguel.ruiz440@correo.example,"Las Dunas",2024-06-02
502,Iván,Molina,ivan.molina502@correo.example,"Plaza Mayor",2023-05-31
46,Paula,López,paula.lopez46@correo.example,"Villa Alta",2023-12-31
124,Iván,Pérez,ivan.perez124@correo.example,Mirador,2024-10-08
95,Nuria,Ramos,nuria.ramos95@correo.example,"El Cruce",2023-09-21
723,Marta,Serrano,marta.serrano723@correo.example,"Costa Azul",2024-12-01
683,Javier,Romero,javier.romero683@correo.example,"Villa Alta",2023-09-19
147,Irene,Álvarez,irene.alvarez147@correo.example,"Llano Verde",2023-04-20
289,Irene,Ramos,irene.ramos289@correo.example,"Valle Nuevo",2024-08-21
804,Lucía,Vázquez,lucia.vazquez804@correo.example,"San Telmo",2024-04-20
941,Sofía,García,sofia.garcia941@correo.example,"Costa Azul",2024-08-03
908,Ana,Ramos,ana.ramos908@correo.example,"Llano Verde",2023-11-30
10,Raúl,Domínguez,raul.dominguez10@correo.example,"Plaza Mayor",2023-03-29
753,Jorge,Torres,jorge.torres753@correo.example,"Costa Azul",2023-01-04
622,Clara,García,clara.garcia622@correo.example,"Parque Real",2024-08-23
458,Nuria,Vázquez,nuria.vazquez458@correo.example,"El Cruce",2023-06-26
101,Lucía,Ruiz,"  LUCIA.RUIZ101@CORREO.EXAMPLE ",Aguaclara,2024-12-18
711,Paula,López,paula.lopez711@correo.example,"El Cruce",2024-06-15
607,Óscar,Torres,oscar.torres607@correo.example,"Río Frío",2024-05-28
214,Elena,Vázquez,,"Valle Nuevo",2024-06-24
630,Diego,García,,"Campo Dorado",2024-10-15
549,Ana,Ramos,ana.ramos549@correo.example,"Campo Dorado",2023-08-07
253,Hugo,Romero,hugo.romero253@correo.example,"Llano Verde",2024-03-02
85,Paula,Gil,paula.gil85@correo.example,"Campo Dorado",2023-12-23
145,Jorge,Pérez,jorge.perez145@correo.example,"Las Dunas",2024-11-29
551,Laura,Serrano,laura.serrano551@correo.example,"Plaza Mayor",2024-05-16
294,Lucía,Muñoz,lucia.munoz294@correo.example,"Los Olivos",2024-09-19
876,Jorge,Ruiz,jorge.ruiz876@correo.example,Aguaclara,2024-01-11
982,Raúl,Gómez,raul.gomez982@correo.example,"Llano Verde",2023-01-24
288,Paula,Gil,paula.gil288@correo.example,Mirador,2024-03-10
461,Paula,Domínguez,paula.dominguez461@correo.example,"Llano Verde",2024-05-01
694,Óscar,Martínez,oscar.martinez694@correo.example,"Llano Verde",2023-02-21
618,Irene,Ramos,irene.ramos618@correo.example,"Parque Real",2023-06-04
948,Óscar,Martínez,oscar.martinez948@correo.example,"Las Dunas",2024-09-04
307,Miguel,Vázquez,miguel.vazquez307@correo.example,"Campo Dorado",2023-12-14
656,Marta,García,marta.garcia656@correo.example,"El Cruce",2023-12-02
309,Diego,Muñoz,diego.munoz309@correo.example,"Sierra Roja",2023-03-03
884,Javier,Navarro,javier.navarro884@correo.example,"Valle Nuevo",2024-08-02
946,Andrés,García,andres.garcia946@correo.example,"Piedra Blanca",2023-05-09
768,Pablo,Gómez,pablo.gomez768@correo.example,"Villa Alta",2023-09-22
992,Laura,Molina,,"Piedra Blanca",2024-08-21
894,Lucía,Moreno,lucia.moreno894@correo.example,"El Cruce",2024-06-12
256,Hugo,López,hugo.lopez256@correo.example,"Campo Dorado",2023-05-16
745,Diego,López,diego.lopez745@correo.example,"Campo Dorado",2023-09-09
350,Paula,Moreno,paula.moreno350@correo.example,"San Telmo",2023-07-24
649,Óscar,Pérez,oscar.perez649@correo.example,"Campo Dorado",2023-05-17
203,Paula,Vázquez,paula.vazquez203@correo.example,"Piedra Blanca",2024-04-11
137,Javier,López,javier.lopez137@correo.example,"Llano Verde",2024-02-21
123,Nuria,Navarro,nuria.navarro123@correo.example,"Río Frío",2024-09-01
476,Irene,Gómez,irene.gomez476@correo.example,"Los Olivos",2023-08-28
786,Raúl,Gómez,raul.gomez786@correo.example,"El Cruce",2023-01-03
875,Ana,Muñoz,ana.munoz875@correo.example,Monteverde,2024-12-27
397,Sofía,Muñoz,sofia.munoz397@correo.example,"Parque Real",2023-11-28
636,Elena,Domínguez,elena.dominguez636@correo.example,"Plaza Mayor",2023-03-06
335,Diego,Álvarez,diego.alvarez335@correo.example,Monteverde,2024-09-25
192,Hugo,Vázquez,hugo.vazquez192@correo.example,"Sierra Roja",2023-05-26
178,Andrés,Muñoz,andres.munoz178@correo.example,Aguaclara,2023-04-12
279,Sofía,Moreno,sofia.moreno279@correo.example,"Bahía Serena",2024-09-21
968,Elena,Muñoz,elena.munoz968@correo.example,"Puerto Claro",2023-08-18
841,Marta,Moreno,marta.moreno841@correo.example,"Valle Nuevo",2023-11-24
108,Marta,Pérez,marta.perez108@correo.example,"Bahía Serena",2024-06-15
849,Lucía,Muñoz,"  LUCIA.MUNOZ849@CORREO.EXAMPLE ","Costa Azul",2023-12-08
223,Sara,Moreno,sara.moreno223@correo.example,"San Telmo",2023-01-24
606,Carlos,García,carlos.garcia606@correo.example,"Campo Dorado",2024-10-17
357,Sofía,Romero,sofia.romero357@correo.example,"Costa Azul",2023-08-07
964,Raúl,Romero,raul.romero964@correo.example,Mirador,2024-02-15
356,Miguel,Gil,miguel.gil356@correo.example,"Villa Alta",2024-07-15
666,Jorge,Torres,jorge.torres666@correo.example,"El Cruce",2024-03-20
557,Carlos,García,carlos.garcia557@correo.example,"Plaza Mayor",2023-07-19
990,Clara,Vázquez,clara.vazquez990@correo.example,"Bahía Serena",2024-03-22
321,Lucía,Vázquez,lucia.vazquez321@correo.example,"Villa Alta",2024-07-26
81,Clara,García,clara.garcia81@correo.example,"Plaza Mayor",2024-12-15
6,Hugo,Martínez,hugo.martinez6@correo.example,"Puerto Claro",2023-02-10
642,Andrés,Molina,andres.molina642@correo.example,"Ciudad Central",2023-09-15
888,Sofía,Romero,sofia.romero888@correo.example,"San Telmo",2024-03-31
604,Clara,Domínguez,clara.dominguez604@correo.example,"Puerto Claro",2023-04-14
104,Sara,Martínez,sara.martinez104@correo.example,"Villa Alta",2023-12-26
466,Nuria,Sánchez,nuria.sanchez466@correo.example,Mirador,2023-01-24
158,Pablo,Romero,pablo.romero158@correo.example,"El Cruce",2024-03-02
901,Laura,Gómez,laura.gomez901@correo.example,"Las Dunas",2023-09-30
709,Irene,Muñoz,irene.munoz709@correo.example,"Los Olivos",2024-11-01
511,Óscar,Álvarez,oscar.alvarez511@correo.example,"El Cruce",2023-05-18
761,Marta,Molina,marta.molina761@correo.example,"El Cruce",2024-08-03
416,María,Domínguez,maria.dominguez416@correo.example,Aguaclara,2023-02-28
206,Pablo,López,pablo.lopez206@correo.example,"Puerto Claro",2024-11-23
570,Laura,López,laura.lopez570@correo.example,"Campo Dorado",2024-07-20
408,Raúl,Martínez,raul.martinez408@correo.example,"Sierra Roja",2023-09-10
492,Carlos,Romero,carlos.romero492@correo.example,"San Telmo",2023-04-22
106,Pablo,Gil,pablo.gil106@correo.example,Aguaclara,2024-04-01
22,Miguel,Moreno,miguel.moreno22@correo.example,"Las Dunas",2024-04-01
657,Iván,Navarro,ivan.navarro657@correo.example,"Piedra Blanca",2023-05-28
50,Sara,Gil,sara.gil50@correo.example,"Llano Verde",2023-07-06
836,Iván,Gil,ivan.gil836@correo.example,"El Cruce",2024-01-02
784,Jorge,Ramos,jorge.ramos784@correo.example,"Plaza Mayor",2023-07-31
89,Elena,Molina,elena.molina89@correo.example,"Las Dunas",2024-03-04
544,Clara,Torres,clara.torres544@correo.example,Aguaclara,2023-10-13
963,Sofía,Gómez,sofia.gomez963@correo.example,"Ciudad Central",2024-02-18
686,Clara,Molina,clara.molina686@correo.example,"Plaza Mayor",2024-12-28
758,Sara,Pérez,sara.perez758@correo.example,"Campo Dorado",2024-07-18
406,Javier,Ramos,javier.ramos406@correo.example,Aguaclara,2023-07-03
193,Lucía,Molina,lucia.molina193@correo.example,"Valle Nuevo",2023-07-02
531,Sofía,Navarro,sofia.navarro531@correo.example,"Ciudad Central",2023-02-24
61,Pablo,Pérez,pablo.perez61@correo.example,Aguaclara,2023-12-11
97,Elena,Serrano,elena.serrano97@correo.example,"Parque Real",2023-06-14
498,Luis,Navarro,luis.navarro498@correo.example,"Parque Real",2024-08-10
374,Andrés,Díaz,andres.diaz374@correo.example,"Plaza Mayor",2023-07-12
554,Diego,Ramos,diego.ramos554@correo.example,"Piedra Blanca",2023-02-25
339,Pablo,Díaz,pablo.diaz339@correo.example,"Las Dunas",2024-04-20
177,Luis,Vázquez,luis.vazquez177@correo.example,"Los Olivos",2023-04-04
646,Hugo,Molina,hugo.molina646@correo.example,"Bahía Serena",2024-03-15
848,Pablo,Martínez,pablo.martinez848@correo.example,"Piedra Blanca",2024-11-01
424,Javier,Sánchez,javier.sanchez424@correo.example,"Puerto Claro",2023-01-07
883,Marta,García,marta.garcia883@correo.example,"Sierra Roja",2023-02-02
266,Iván,Moreno,ivan.moreno266@correo.example,"Sierra Roja",2024-02-14
994,Jorge,Muñoz,jorge.munoz994@correo.example,"Costa Azul",2024-02-05
506,Marta,Álvarez,marta.alvarez506@correo.example,Aguaclara,2023-05-10
560,Nuria,Molina,nuria.molina560@correo.example,"Los Olivos",2023-05-01
750,Diego,Moreno,diego.moreno750@correo.example,"Las Dunas",2023-08-12
947,Lucía,Molina,"  LUCIA.MOLINA947@CORREO.EXAMPLE ","Bahía Serena",2024-11-13
13,Clara,Álvarez,clara.alvarez13@correo.example,"Plaza Mayor",2024-12-08
196,Pablo,López,pablo.lopez196@correo.example,Aguaclara,2024-07-03
824,Óscar,Pérez,"  OSCAR.PEREZ824@CORREO.EXAMPLE ","Parque Real",2024-06-30
371,Andrés,Ramos,andres.ramos371@correo.example,"Los Olivos",2024-07-25
56,Laura,Romero,laura.romero56@correo.example,"Las Dunas",2023-12-22
352,Óscar,Torres,oscar.torres352@correo.example,"Plaza Mayor",2024-10-17
817,Ana,Vázquez,ana.vazquez817@correo.example,"Ciudad Central",2023-10-22
714,Elena,García,elena.garcia714@correo.example,"Costa Azul",2024-10-18
378,Pablo,Romero,pablo.romero378@correo.example,Aguaclara,2024-08-02
37,Raúl,Molina,raul.molina37@correo.example,"Piedra Blanca",2024-04-08
404,Clara,Ramos,clara.ramos404@correo.example,"Costa Azul",2024-07-15
942,Javier,Torres,javier.torres942@correo.example,"Las Dunas",2024-04-12
353,María,Domínguez,maria.dominguez353@correo.example,"Río Frío",2023-08-14
287,Ana,Gómez,ana.gomez287@correo.example,"Piedra Blanca",2024-12-05
336,Hugo,Gómez,hugo.gomez336@correo.example,"Sierra Roja",2024-11-20
291,Luis,García,luis.garcia291@correo.example,"Villa Alta",2024-01-05
64,Elena,Díaz,elena.diaz64@correo.example,"Llano Verde",2023-07-07
225,Pablo,Navarro,pablo.navarro225@correo.example,Aguaclara,2023-11-27
247,María,Torres,maria.torres247@correo.example,"Plaza Mayor",2023-10-05
596,Hugo,Domínguez,hugo.dominguez596@correo.example,Mirador,2023-06-21
480,Marta,Vázquez,marta.vazquez480@correo.example,"Valle Nuevo",2024-05-29
533,Lucía,Muñoz,lucia.munoz533@correo.example,"Los Olivos",2024-02-15
589,Clara,Navarro,clara.navarro589@correo.example,"Valle Nuevo",2024-05-19
673,Elena,Martínez,,Monteverde,2024-03-16
497,Luis,Álvarez,luis.alvarez497@correo.example,"Valle Nuevo",2023-09-29
532,Luis,Romero,luis.romero532@correo.example,"El Cruce",2023-04-20
91,Iván,Romero,ivan.romero91@correo.example,"Los Olivos",2023-01-05
516,Óscar,Gil,oscar.gil516@correo.example,Mirador,2024-12-18
332,Pablo,Martínez,pablo.martinez332@correo.example,"San Telmo",2024-11-18
582,Elena,Ramos,elena.ramos582@correo.example,"Campo Dorado",2023-05-26
950,Laura,López,laura.lopez950@correo.example,"Valle Nuevo",2023-07-18
370,Jorge,Serrano,jorge.serrano370@correo.example,"El Cruce",2023-11-12
107,Óscar,Vázquez,,"Valle Nuevo",2023-02-21
423,Carlos,Martínez,carlos.martinez423@correo.example,Mirador,2024-07-21
155,Ana,Díaz,ana.diaz155@correo.example,"San Telmo",2023-06-08
995,Paula,Díaz,paula.diaz995@correo.example,Monteverde,2024-04-25
209,María,Gil,maria.gil209@correo.example,"Sierra Roja",2023-12-11
840,Nuria,García,nuria.garcia840@correo.example,"Valle Nuevo",2024-02-27
799,Hugo,Vázquez,hugo.vazquez799@correo.example,"Bahía Serena",2024-06-07
542,Luis,Ramos,luis.ramos542@correo.example,"Campo Dorado",2023-09-19
377,Óscar,García,oscar.garcia377@correo.example,Monteverde,2023-06-12
311,Lucía,Navarro,lucia.navarro311@correo.example,Aguaclara,2023-02-18
290,Luis,Torres,luis.torres290@correo.example,Monteverde,2024-05-02
373,Andrés,Sánchez,andres.sanchez373@correo.example,"Sierra Roja",2024-02-18
452,Hugo,Serrano,hugo.serrano452@correo.example,"Campo Dorado",2024-06-24
668,Marta,Martínez,marta.martinez668@correo.example,"Piedra Blanca",2023-05-06
181,Javier,Romero,javier.romero181@correo.example,"Valle Nuevo",2024-03-21
623,Andrés,García,andres.garcia623@correo.example,Monteverde,2023-12-30
854,Raúl,Ruiz,raul.ruiz854@correo.example,"Puerto Claro",2024-02-14
490,Óscar,Serrano,oscar.serrano490@correo.example,"El Cruce",2024-05-09
488,Raúl,Romero,raul.romero488@correo.example,"Bahía Serena",2023-06-02
80,Óscar,Ruiz,oscar.ruiz80@correo.example,Monteverde,2023-06-09
454,Sofía,López,sofia.lopez454@correo.example,"Plaza Mayor",2024-08-08
893,Lucía,Ruiz,lucia.ruiz893@correo.example,"Costa Azul",2024-06-29
546,Carlos,Ramos,carlos.ramos546@correo.example,"Plaza Mayor",2023-01-22
324,Hugo,Molina,hugo.molina324@correo.example,"Puerto Claro",2024-03-23
662,Jorge,Sánchez,jorge.sanchez662@correo.example,"Sierra Roja",2023-09-14
237,María,Molina,maria.molina237@correo.example,"Sierra Roja",2024-07-15
651,Javier,Pérez,javier.perez651@correo.example,"Sierra Roja",2023-12-05
338,Óscar,Gómez,oscar.gomez338@correo.example,"Puerto Claro",2024-04-29
207,Iván,Domínguez,ivan.dominguez207@correo.example,"Plaza Mayor",2024-05-29
748,Diego,Domínguez,diego.dominguez748@correo.example,"Las Dunas",2024-08-23
335,Diego,Álvarez,"  DIEGO.ALVAREZ335@CORREO.EXAMPLE ",Monteverde,2024-09-25
90,Iván,Sánchez,ivan.sanchez90@correo.example,"Bahía Serena",2024-07-10
30,Iván,García,ivan.garcia30@correo.example,Mirador,2024-03-14
194,Diego,Romero,diego.romero194@correo.example,"Villa Alta",2023-11-29
493,Luis,Álvarez,luis.alvarez493@correo.example,"Llano Verde",2024-08-31
507,Luis,García,luis.garcia507@correo.example,Aguaclara,2023-10-18
380,Pablo,Torres,pablo.torres380@correo.example,"Llano Verde",2023-10-03
624,Sofía,Sánchez,sofia.sanchez624@correo.example,"Llano Verde",2023-06-27
650,Carlos,Martínez,carlos.martinez650@correo.example,"Sierra Roja",2024-12-19
578,Lucía,Muñoz,lucia.munoz578@correo.example,"San Telmo",2024-03-30
133,Irene,Domínguez,irene.dominguez133@correo.example,"Piedra Blanca",2023-12-07
153,Carlos,Moreno,carlos.moreno153@correo.example,"Ciudad Central",2024-07-09
695,Irene,Pérez,irene.perez695@correo.example,Monteverde,2023-03-21
409,Clara,Serrano,clara.serrano409@correo.example,"Puerto Claro",2024-07-21
486,Laura,Sánchez,laura.sanchez486@correo.example,"Valle Nuevo",2024-11-10
641,Jorge,Domínguez,jorge.dominguez641@correo.example,"Ciudad Central",2023-06-25
435,Clara,Pérez,clara.perez435@correo.example,"Costa Azul",2024-03-31
781,Elena,Ruiz,elena.ruiz781@correo.example,"Parque Real",2023-07-16
915,Laura,Díaz,laura.diaz915@correo.example,"El Cruce",2023-09-21
936,Nuria,López,nuria.lopez936@correo.example,"Campo Dorado",2024-02-15
741,Raúl,Pérez,raul.perez741@correo.example,"Las Dunas",2023-03-09
527,Pablo,Torres,pablo.torres527@correo.example,Monteverde,2023-08-10
647,Pablo,Torres,pablo.torres647@correo.example,"Piedra Blanca",2023-09-16
34,Lucía,Ramos,lucia.ramos34@correo.example,"Parque Real",2024-05-09
614,Hugo,Serrano,hugo.serrano614@correo.example,"San Telmo",2023-04-29
230,Pablo,Serrano,pablo.serrano230@correo.example,"Llano Verde",2023-08-09
340,Nuria,Gómez,nuria.gomez340@correo.example,Aguaclara,2023-01-09
693,Iván,López,,"Parque Real",2024-02-27
334,Raúl,Gómez,raul.gomez334@correo.example,"Parque Real",2024-11-17
489,Óscar,Ruiz,oscar.ruiz489@correo.example,"Parque Real",2024-03-28
573,Sofía,Torres,sofia.torres573@correo.example,"Las Dunas",2023-08-06
727,Nuria,Gómez,nuria.gomez727@correo.example,Aguaclara,2023-09-21
432,Iván,Pérez,ivan.perez432@correo.example,"Río Frío",2023-12-13
204,Ana,Martínez,ana.martinez204@correo.example,"El Cruce",2024-01-17
779,Javier,Navarro,javier.navarro779@correo.example,"Sierra Roja",2023-02-17
802,Irene,Vázquez,"  IRENE.VAZQUEZ802@CORREO.EXAMPLE ","Campo Dorado",2024-01-14
865,Hugo,Serrano,hugo.serrano865@correo.example,"San Telmo",2024-04-14
281,Irene,Díaz,irene.diaz281@correo.example,"El Cruce",2024-01-01
171,Ana,Vázquez,ana.vazquez171@correo.example,"Villa Alta",2024-03-02
115,Lucía,López,lucia.lopez115@correo.example,"Valle Nuevo",2023-11-01
259,Paula,Serrano,"  PAULA.SERRANO259@CORREO.EXAMPLE ",Mirador,2023-09-18
169,Irene,García,irene.garcia169@correo.example,"Ciudad Central",2024-03-16
276,Raúl,Ramos,raul.ramos276@correo.example,"Ciudad Central",2024-10-11
16,Sara,Álvarez,sara.alvarez16@correo.example,"Plaza Mayor",2024-08-01
366,Jorge,García,jorge.garcia366@correo.example,"Piedra Blanca",2024-07-29
550,María,Molina,maria.molina550@correo.example,"Campo Dorado",2023-02-04
726,Pablo,Gómez,pablo.gomez726@correo.example,"Puerto Claro",2023-08-10
12,Óscar,Navarro,oscar.navarro12@correo.example,"Campo Dorado",2024-06-10
327,Andrés,Serrano,andres.serrano327@correo.example,"Río Frío",2024-09-27
3,María,Sánchez,maria.sanchez3@correo.example,"Valle Nuevo",2023-02-10
896,Elena,Domínguez,elena.dominguez896@correo.example,"Sierra Roja",2023-07-12
183,Jorge,Pérez,jorge.perez183@correo.example,"Puerto Claro",2023-06-27
11,Nuria,García,,"Llano Verde",2024-12-03
144,Lucía,López,lucia.lopez144@correo.example,Mirador,2024-12-11
513,Iván,Romero,ivan.romero513@correo.example,Monteverde,2024-07-06
679,Jorge,Ruiz,jorge.ruiz679@correo.example,"Parque Real",2023-06-25
991,Elena,Domínguez,elena.dominguez991@correo.example,Aguaclara,2023-09-09
525,Lucía,García,lucia.garcia525@correo.example,"Sierra Roja",2024-04-18
201,Pablo,Domínguez,pablo.dominguez201@correo.example,"Parque Real",2023-07-02
239,Carlos,Álvarez,carlos.alvarez239@correo.example,"Bahía Serena",2023-07-26
798,Diego,Torres,diego.torres798@correo.example,Mirador,2024-12-07
55,Marta,Romero,marta.romero55@correo.example,Mirador,2024-05-13
57,Iván,Torres,ivan.torres57@correo.example,"Campo Dorado",2023-06-03
162,Iván,Sánchez,ivan.sanchez162@correo.example,"Los Olivos",2024-07-02
617,Paula,Sánchez,paula.sanchez617@correo.example,"Plaza Mayor",2024-06-29
32,Ana,Álvarez,ana.alvarez32@correo.example,"Llano Verde",2024-11-26
971,Elena,Gómez,elena.gomez971@correo.example,"Llano Verde",2024-01-02
518,Raúl,Molina,,"Puerto Claro",2024-02-24
621,Paula,Domínguez,paula.dominguez621@correo.example,"Ciudad Central",2023-04-20
935,Sofía,Molina,sofia.molina935@correo.example,"Río Frío",2024-03-24
780,Sara,Gil,sara.gil780@correo.example,"Parque Real",2024-01-16
540,Marta,Pérez,marta.perez540@correo.example,"Bahía Serena",2024-04-27
319,Hugo,Romero,,"Villa Alta",2024-05-09
825,Hugo,López,hugo.lopez825@correo.example,"Llano Verde",2024-04-25
18,Marta,Torres,marta.torres18@correo.example,"El Cruce",2023-05-03
98,Paula,Sánchez,paula.sanchez98@correo.example,"Sierra Roja",2023-11-16
464,Laura,Navarro,laura.navarro464@correo.example,"Costa Azul",2024-06-17
